epoch,steps,cosine_pearson,cosine_spearman,euclidean_pearson,euclidean_spearman,manhattan_pearson,manhattan_spearman,dot_pearson,dot_spearman
0,-1,0.5931651636540729,0.6090082307670259,0.5381292491322904,0.5506716620786374,0.5373124795226809,0.5498887944345134,0.5872101089639594,0.596146446136949
